{"_id":{"$oid":"5e115b3564a33c40e05fd293"},"name":"首页幻灯片广告位","items":[{"_id":{"$oid":"5e117fd90be6e90d88ab68d4"},"url":"http://pvp.qq.com/m/m201606/detail.shtml?G_Biz=18&e_code=501432&idataid=295554&tid=580592","image":"http://localhost:3000/uploads/c037c79a0a405ae6c86d2e3bf214a9e3"},{"_id":{"$oid":"5e117fd90be6e90d88ab68d3"},"url":"http://pvp.qq.com/m/m201606/detail.shtml?G_Biz=18&e_code=501459&idataid=295587&tid=580532","image":"http://localhost:3000/uploads/e5c52c5a6706419751485a3d734731cd"},{"_id":{"$oid":"5e117fd90be6e90d88ab68d2"},"url":"http://pvp.qq.com/m/m201606/detail.shtml?G_Biz=18&e_code=501022&idataid=295187&tid=579806","image":"http://localhost:3000/uploads/b57635a0fddad2ea0625a4372713994e"}],"__v":0}
{"_id":{"$oid":"5e117cf064a33c40e05fd298"},"items":[{"_id":{"$oid":"5e117d0b64a33c40e05fd29b"},"image":"http://localhost:3000/uploads/6a5187098f8024936155439ff901b6e8","url":"维护个人提供辅导"}],"__v":0,"name":"而我认为让人"}
