{"_id":{"$oid":"5e1ae070bf99f5347082a56c"},"name":"英雄分类","__v":0}
{"_id":{"$oid":"5e1ae07fbf99f5347082a56d"},"parent":{"$oid":"5e1ae070bf99f5347082a56c"},"name":"刺客","__v":0}
{"_id":{"$oid":"5e1ae08dbf99f5347082a56e"},"parent":{"$oid":"5e1ae070bf99f5347082a56c"},"name":"战士","__v":0}
{"_id":{"$oid":"5e1ae09dbf99f5347082a56f"},"parent":{"$oid":"5e1ae070bf99f5347082a56c"},"name":"坦克","__v":0}
{"_id":{"$oid":"5e1ae166bf99f5347082a57d"},"parent":{"$oid":"5e1ae070bf99f5347082a56c"},"name":"法师","__v":0}
{"_id":{"$oid":"5e1ae173bf99f5347082a57e"},"parent":{"$oid":"5e1ae070bf99f5347082a56c"},"name":"射手","__v":0}
{"_id":{"$oid":"5e1ae18dbf99f5347082a57f"},"parent":{"$oid":"5e1ae070bf99f5347082a56c"},"name":"辅助","__v":0}
{"_id":{"$oid":"5e40e151b3d2dc0b64b1f370"},"name":"新闻分类","__v":0}
{"_id":{"$oid":"5e40e16bb3d2dc0b64b1f371"},"parent":{"$oid":"5e40e151b3d2dc0b64b1f370"},"name":"新闻","__v":0}
{"_id":{"$oid":"5e40e175b3d2dc0b64b1f372"},"parent":{"$oid":"5e40e151b3d2dc0b64b1f370"},"name":"公告","__v":0}
{"_id":{"$oid":"5e40e17fb3d2dc0b64b1f373"},"parent":{"$oid":"5e40e151b3d2dc0b64b1f370"},"name":"活动","__v":0}
{"_id":{"$oid":"5e40e18bb3d2dc0b64b1f374"},"parent":{"$oid":"5e40e151b3d2dc0b64b1f370"},"name":"赛事","__v":0}
{"_id":{"$oid":"5e4124517a342a1cc8b60f3d"},"name":"视频分类","__v":0}
{"_id":{"$oid":"5e4a6b3ab481ed37d0cefef6"},"parent":{"$oid":"5e4124517a342a1cc8b60f3d"},"name":"精品栏目","__v":0}
{"_id":{"$oid":"5e4a6b4cb481ed37d0cefef7"},"parent":{"$oid":"5e4124517a342a1cc8b60f3d"},"name":"英雄攻略","__v":0}
{"_id":{"$oid":"5e4a6b58b481ed37d0cefef8"},"parent":{"$oid":"5e4124517a342a1cc8b60f3d"},"name":"赛事精品","__v":0}
{"_id":{"$oid":"5e4a6b66b481ed37d0cefef9"},"parent":{"$oid":"5e4124517a342a1cc8b60f3d"},"name":"赛事视频","__v":0}
{"_id":{"$oid":"5e4a6c5cb481ed37d0cefefb"},"parent":{"$oid":"5e4a6b3ab481ed37d0cefef6"},"name":"王者克制论","__v":0}
{"_id":{"$oid":"5e4a6c75b481ed37d0cefefc"},"parent":{"$oid":"5e4a6b3ab481ed37d0cefef6"},"name":"王者视角","__v":0}
{"_id":{"$oid":"5e4a6c88b481ed37d0cefefd"},"parent":{"$oid":"5e4a6b3ab481ed37d0cefef6"},"name":"峡谷情报局","__v":0}
{"_id":{"$oid":"5e4a6c9db481ed37d0cefefe"},"parent":{"$oid":"5e4a6b3ab481ed37d0cefef6"},"name":"国服观影路","__v":0}
{"_id":{"$oid":"5e4a6d07b481ed37d0ceff02"},"parent":{"$oid":"5e4a6b58b481ed37d0cefef8"},"name":"王者麦炸了","__v":0}
{"_id":{"$oid":"5e4a6d21b481ed37d0ceff03"},"parent":{"$oid":"5e4a6b58b481ed37d0cefef8"},"name":"KPL观赛指南","__v":0}
{"_id":{"$oid":"5e4a6d37b481ed37d0ceff04"},"parent":{"$oid":"5e4a6b58b481ed37d0cefef8"},"name":"荣耀进行时","__v":0}
{"_id":{"$oid":"5e4a6d9bb481ed37d0ceff07"},"parent":{"$oid":"5e56328d3f033d25002f0dac"},"name":"王者时刻","__v":0}
{"_id":{"$oid":"5e4a6dafb481ed37d0ceff08"},"parent":{"$oid":"5e56328d3f033d25002f0dac"},"name":"王者学院","__v":0}
{"_id":{"$oid":"5e4a6dc0b481ed37d0ceff09"},"parent":{"$oid":"5e56328d3f033d25002f0dac"},"name":"新手视频","__v":0}
{"_id":{"$oid":"5e4a6dd6b481ed37d0ceff0a"},"parent":{"$oid":"5e56328d3f033d25002f0dac"},"name":"官方视频","__v":0}
{"_id":{"$oid":"5e4a6e09b481ed37d0ceff0b"},"name":"图文攻略","__v":0}
{"_id":{"$oid":"5e4a6e1bb481ed37d0ceff0c"},"parent":{"$oid":"5e4a6e09b481ed37d0ceff0b"},"name":"英雄","__v":0}
{"_id":{"$oid":"5e4a6e24b481ed37d0ceff0d"},"parent":{"$oid":"5e4a6e09b481ed37d0ceff0b"},"name":"新手","__v":0}
{"_id":{"$oid":"5e4a6e2fb481ed37d0ceff0e"},"parent":{"$oid":"5e4a6e09b481ed37d0ceff0b"},"name":"官方","__v":0}
{"_id":{"$oid":"5e4a6e3db481ed37d0ceff0f"},"parent":{"$oid":"5e4a6e09b481ed37d0ceff0b"},"name":"同人","__v":0}
{"_id":{"$oid":"5e4a6ee7b481ed37d0ceff10"},"name":"赛事中心","__v":0}
{"_id":{"$oid":"5e4a6ef2b481ed37d0ceff11"},"parent":{"$oid":"5e4a6ee7b481ed37d0ceff10"},"name":"KPL","__v":0,"banner":"http://localhost:3000/uploads/f6c600e72077665934132583e6784162","title":"王者荣耀2019KPL秋季赛"}
{"_id":{"$oid":"5e4a6f01b481ed37d0ceff12"},"parent":{"$oid":"5e4a6ee7b481ed37d0ceff10"},"name":"冬季冠军杯","__v":0,"banner":"http://localhost:3000/uploads/0e17920befee8303cececad6941b3601","title":"2019王者荣耀冬季冠军杯"}
{"_id":{"$oid":"5e4a6f36b481ed37d0ceff13"},"parent":{"$oid":"5e4a6ee7b481ed37d0ceff10"},"name":"KRKPL","__v":0,"banner":"http://localhost:3000/uploads/66ec47d1dc0f97708863b8b995896c06","title":"KRKPL王者荣耀韩国职业联赛"}
{"_id":{"$oid":"5e4a6f41b481ed37d0ceff14"},"parent":{"$oid":"5e4a6ee7b481ed37d0ceff10"},"name":"城市赛","__v":0,"banner":"http://localhost:3000/uploads/b5185e3096b628e87447027ac155eb8b","title":"王者荣耀城市赛"}
{"_id":{"$oid":"5e4a6f50b481ed37d0ceff15"},"parent":{"$oid":"5e4a6ee7b481ed37d0ceff10"},"name":"高校联赛","__v":0,"banner":"http://localhost:3000/uploads/442d75e81c759914fd500596d18a1079","title":"王者荣耀高校联赛"}
{"_id":{"$oid":"5e4a6f65b481ed37d0ceff16"},"parent":{"$oid":"5e4a6ee7b481ed37d0ceff10"},"name":"TGA","__v":0,"banner":"http://localhost:3000/uploads/0dbf93f9d8a18f8de4ae597329a360bf","title":"王者荣耀TGA"}
{"_id":{"$oid":"5e4a6f95b481ed37d0ceff18"},"parent":{"$oid":"5e4a6ee7b481ed37d0ceff10"},"name":"模拟战冬冠","__v":0,"banner":"http://localhost:3000/uploads/c1c182623876df518db7873e98668377","title":"王者荣耀模拟战邀请赛冬冠"}
{"_id":{"$oid":"5e56328d3f033d25002f0dac"},"parent":{"$oid":"5e4124517a342a1cc8b60f3d"},"name":"精彩视频","__v":0}
{"_id":{"$oid":"5e5cc77d3ed98a113ce61d2a"},"parent":{"$oid":"5e4a6b58b481ed37d0cefef8"},"name":"我来Carry","__v":0}
