{"_id":{"$oid":"5e514d78dc5d0b4368109a08"},"heroGuides":[{"_id":{"$oid":"5e514d78dc5d0b4368109a09"},"title":"  【快速上手英雄技能】 李白","cover":"http://localhost:3000/uploads/05043fd3f398d4b075e47241e32d193a","video":"<iframe class=\"ql-video ql-align-center\" frameborder=\"0\" allowfullscreen=\"true\" src=\"https://ams.qq.com/wmp/v/wmplayer.html?vid=u0829jfls2o&amp;width=640&amp;height=360\" height=\"100%\" width=\"100%\"></iframe><p><br></p>","submit":"1037","fan":"3","view":"1139万"}],"createdAt":{"$date":"2020-02-22T15:49:12.72Z"},"updatedAt":{"$date":"2020-02-23T01:34:07.176Z"},"__v":0}
