{"_id":{"$oid":"5e0cac8cffca0731d8dd85b1"},"__v":0,"name":"闪电匕首","icon":"http://localhost:3000/uploads/22da80006718a4b3887e0cad613bb573"}
{"_id":{"$oid":"5e0cb1e1ffca0731d8dd85b2"},"name":"急速战靴","__v":0,"icon":"http://localhost:3000/uploads/399d3620323107026725c77d74bb4e32"}
{"_id":{"$oid":"5e0d1e5afd3f7306fc7ba495"},"name":"无尽战刃","icon":"http://localhost:3000/uploads/7dbf9e2940085e3a0f3ff7ef7aaaec39","__v":0}
{"_id":{"$oid":"5e0d27d38c8c351980021b42"},"name":"末世","icon":"http://localhost:3000/uploads/eef7d35b8e5457a4a3c519f498b45e7e","__v":0}
{"_id":{"$oid":"5e0e00fe735bae0a382be85a"},"icon":"http://localhost:3000/uploads/7e837065e68ceb0372ee7014f8902d88","name":"破晓","__v":0}
{"_id":{"$oid":"5e0e6e1e735bae0a382be85c"},"name":"泣血之刃","icon":"http://localhost:3000/uploads/130733f9d54dcf0378acc8bfbae1f2f6","__v":0}
{"_id":{"$oid":"5e0e6e46735bae0a382be85d"},"name":"名刀","icon":"http://localhost:3000/uploads/df8564c64c020bdb375fbf347d3454cc","__v":0}
{"_id":{"$oid":"5e0e6e5e735bae0a382be85e"},"name":"破军","icon":"http://localhost:3000/uploads/3111977b764e1e9692ba8957c424b3cb","__v":0}
{"_id":{"$oid":"5e0e6e73735bae0a382be85f"},"name":"暗影战斧","icon":"http://localhost:3000/uploads/1474b662874c361694f1665ad6f77e33","__v":0}
{"_id":{"$oid":"5e0e6e95735bae0a382be860"},"name":"追击刀锋","icon":"http://localhost:3000/uploads/312264c44f184a4712875882cee55d90","__v":0}
{"_id":{"$oid":"5e0e6ebd735bae0a382be861"},"name":"宗师之力","icon":"http://localhost:3000/uploads/6350d9ff49338e046b6eb47c9f6ae879","__v":0}
{"_id":{"$oid":"5e42db2633d0580af845db6b"},"name":"抵抗之靴","icon":"http://localhost:3000/uploads/3eef7d79b3a0f26340e0636f9424d455","__v":0}
{"_id":{"$oid":"5e42db3f33d0580af845db6c"},"name":"巡守利斧","icon":"http://localhost:3000/uploads/67232de97d265dbf4826f7bfb5d4ed5e","__v":0}
{"_id":{"$oid":"5e42db5c33d0580af845db6d"},"name":"冰痕之握","icon":"http://localhost:3000/uploads/e652f5c2d294525cf2c4c72f1754eae9","__v":0}
{"_id":{"$oid":"5e42db7233d0580af845db6e"},"name":"魔女斗篷","icon":"http://localhost:3000/uploads/7680a4de46708ec21f94ded48f453754","__v":0}
{"_id":{"$oid":"5e42e493e515ba3cf4883166"},"name":"碎星锤","icon":"http://localhost:3000/uploads/fda29c0a03e7f1ce670550567c8e8c69","__v":0}
{"_id":{"$oid":"5e42e4c0e515ba3cf4883167"},"name":"红莲斗篷","icon":"http://localhost:3000/uploads/af9128101a74244d0c183c2620f397a5","__v":0}
{"_id":{"$oid":"5e42e4d1e515ba3cf4883168"},"name":"反伤刺甲","icon":"http://localhost:3000/uploads/3e212c4b26da9c5cca15fc3ad5166cad","__v":0}
{"_id":{"$oid":"5e42e4e2e515ba3cf4883169"},"name":"贤者的庇护","icon":"http://localhost:3000/uploads/2e912ebac436ad187ab9f717ae05ca29","__v":0}
{"_id":{"$oid":"5e42e965e515ba3cf4883174"},"name":"疾步之靴","icon":"http://localhost:3000/uploads/2cb34675c4add4bcd083bf4b5a0c33c0","__v":0}
{"_id":{"$oid":"5e42e97de515ba3cf4883175"},"name":"近卫荣耀","icon":"http://localhost:3000/uploads/922faebc4907c697a974a2e74e995151","__v":0}
{"_id":{"$oid":"5e42e9a1e515ba3cf4883176"},"name":"极寒风暴","icon":"http://localhost:3000/uploads/75ffb3694c1fb939d7eebbe7046fc1f5","__v":0}
{"_id":{"$oid":"5e42e9b3e515ba3cf4883177"},"name":"霸者重装","icon":"http://localhost:3000/uploads/1133f8c7e50ddb89fbb5b2f248135c93","__v":0}
{"_id":{"$oid":"5e42e9cee515ba3cf4883178"},"name":"救赎之翼","icon":"http://localhost:3000/uploads/f0393cf9484776d68a5c19bab2207932","__v":0}
{"_id":{"$oid":"5e42e9dfe515ba3cf4883179"},"name":"不祥征兆","icon":"http://localhost:3000/uploads/94020f1ac4685bd97c767c5215626b01","__v":0}
{"_id":{"$oid":"5e42ec0ee515ba3cf4883183"},"name":"影刃","icon":"http://localhost:3000/uploads/bccef6e26dd18f3d28614e8de453ca32","__v":0}
{"_id":{"$oid":"5e42ec1ee515ba3cf4883184"},"name":"纯净苍穹","icon":"http://localhost:3000/uploads/c2c1f44fa4583a4b64715bebc3b7f920","__v":0}
{"_id":{"$oid":"5e43c7ef7bc4f026d0b642c8"},"name":"影忍之足","icon":"http://localhost:3000/uploads/51d57d54068485d9dc74b47ea19435d3","__v":0}
{"_id":{"$oid":"5e43cb627bc4f026d0b642dc"},"name":"秘法之靴","icon":"http://localhost:3000/uploads/17980c7b8bc98344d32fb556bdbe0e7b","__v":0}
{"_id":{"$oid":"5e43cb797bc4f026d0b642dd"},"name":"回响之杖","icon":"http://localhost:3000/uploads/abda3031921488910199f11684e42c85","__v":0}
{"_id":{"$oid":"5e43cb887bc4f026d0b642de"},"name":"痛苦面具","icon":"http://localhost:3000/uploads/123c7c0ec6f5331d5a35e1faf2061208","__v":0}
{"_id":{"$oid":"5e43cba17bc4f026d0b642df"},"name":"博学者之怒","icon":"http://localhost:3000/uploads/363914941098d7a9b10be6837f40a173","__v":0}
{"_id":{"$oid":"5e43cbb47bc4f026d0b642e0"},"name":"虚无法杖","icon":"http://localhost:3000/uploads/49151be1e3591212a9058d6a30c1f7eb","__v":0}
{"_id":{"$oid":"5e43cbc57bc4f026d0b642e1"},"name":"贤者之书","icon":"http://localhost:3000/uploads/2a5cdf297a1207fc77fe86f693997393","__v":0}
{"_id":{"$oid":"5e43cbd67bc4f026d0b642e2"},"name":"冷静之靴","icon":"http://localhost:3000/uploads/b69ad8ea6cc5f030348114c5eb55f85c","__v":0}
{"_id":{"$oid":"5e43cbec7bc4f026d0b642e3"},"name":"噬神之书","icon":"http://localhost:3000/uploads/0c0768079c269521dee54385034cdae7","__v":0}
{"_id":{"$oid":"5e43cdb97bc4f026d0b642ea"},"name":"圣杯","icon":"http://localhost:3000/uploads/7c907533b46ec74ee838d9974fc4f4c1","__v":0}
{"_id":{"$oid":"5e43cff47bc4f026d0b642f7"},"name":"梦魇之牙","icon":"http://localhost:3000/uploads/f5e406c0a28dbe070ee33c554b33f9fc","__v":0}
{"_id":{"$oid":"5e452c8a0cabdf202ccbc642"},"name":"辉月","icon":"http://localhost:3000/uploads/e527faafb8318c0c8d6d0c3121fe49d5","__v":0}
{"_id":{"$oid":"5e452f340cabdf202ccbc64a"},"name":"贪婪之噬","icon":"http://localhost:3000/uploads/b5bf9e031417298e28066ae37c785612","__v":0}
{"_id":{"$oid":"5e4531520cabdf202ccbc657"},"name":"冰霜法杖","icon":"http://localhost:3000/uploads/0d4bf75b2178d11e55358774549bcbc1","__v":0}
{"_id":{"$oid":"5e4535160cabdf202ccbc666"},"name":"暴烈之甲","icon":"http://localhost:3000/uploads/b4dd68c3b07636db6b2dec0617469bde","__v":0}
{"_id":{"$oid":"5e4535280cabdf202ccbc667"},"name":"不死鸟之眼","icon":"http://localhost:3000/uploads/775c6a7e96e06a567cc6554f9abd4cd4","__v":0}
{"_id":{"$oid":"5e4536ee0cabdf202ccbc670"},"name":"巫术法杖","icon":"http://localhost:3000/uploads/01eaca3116405828dd6e0e4071f89d45","__v":0}
{"_id":{"$oid":"5e4966478a80a12ce096a49b"},"name":"冰霜法杖","icon":"http://localhost:3000/uploads/77884218532666c90da4c531ee63fb20","__v":0}
