{"_id":{"$oid":"5e4ab0d5dd44101074a985b5"},"categories":[{"$oid":"5e4a6b3ab481ed37d0cefef6"},{"$oid":"5e56328d3f033d25002f0dac"}],"title":"《每日仙放送》不就是插秧吗 我也会！","image":"http://localhost:3000/uploads/d4327408244be267c2aa2f440954ada0","video":"http://localhost:3000/uploads/b0b4f87ec43aaf338ce1ad33f34bdae7","submit":"314","fan":"0","see":"230万","__v":0,"updatedAt":{"$date":"2020-03-31T16:21:10.208Z"}}
{"_id":{"$oid":"5e4ab4fcdd44101074a985b6"},"categories":[{"$oid":"5e4a6b3ab481ed37d0cefef6"}],"title":"《大仙不闹》死亡蹦跳！我的吕布跳大都是拿命在顶！","image":"http://localhost:3000/uploads/2e8b2ad0b87fab6cf037accf27510a4f","video":"http://localhost:3000/uploads/e42457d23560d80da3ec1123c5c7c8a6","submit":"314","fan":"0","see":"450万","__v":0,"updatedAt":{"$date":"2020-03-31T16:24:14.072Z"}}
{"_id":{"$oid":"5e4ab590dd44101074a985b7"},"categories":[{"$oid":"5e4a6b3ab481ed37d0cefef6"}],"title":"《大仙不闹》我的后羿太强了，一只手随便带队友躺赢了！","image":"http://localhost:3000/uploads/733464949d99a1cdfbb97592d4db4b9d","video":"http://localhost:3000/uploads/b2dee37bf6160ef2b5939672f81406d6","submit":"314","fan":"0","see":"410万","__v":0,"updatedAt":{"$date":"2020-03-31T16:21:33.157Z"}}
{"_id":{"$oid":"5e4ab66fdd44101074a985b8"},"categories":[{"$oid":"5e4a6b3ab481ed37d0cefef6"},{"$oid":"5e56328d3f033d25002f0dac"}],"title":"【声控大作战3】第43期 神经眷侣","image":"http://localhost:3000/uploads/d48d6335a9141bf03ac46d4cc43f76c2","video":"http://localhost:3000/uploads/fff1639857f9e481fa2119c8ad0f7b62","submit":"156","fan":"0","see":"240万","__v":0,"updatedAt":{"$date":"2020-03-31T16:39:12.757Z"}}
{"_id":{"$oid":"5e4ab926dd44101074a985b9"},"categories":[{"$oid":"5e4a6b58b481ed37d0cefef8"},{"$oid":"5e56328d3f033d25002f0dac"}],"title":"【荣耀进行时】2019年战队补强深度分析，为梦而战该我上场！","image":"http://localhost:3000/uploads/617e838d881b75eb4893066d7ac8d31b","video":"http://localhost:3000/uploads/908f3e23fc20cc98efb8427c9363e3ce","submit":"6300","fan":"0","see":"840万","__v":0,"updatedAt":{"$date":"2020-03-31T16:21:51.81Z"}}
{"_id":{"$oid":"5e4abb4bdd44101074a985ba"},"categories":[{"$oid":"5e4a6b58b481ed37d0cefef8"}],"title":"【荣耀进行时】2019年最令人印象深刻的四大选手，因为热爱所以坚持！","image":"http://localhost:3000/uploads/ed030661b4eccb207e8b103cbcc7ef90","video":"http://localhost:3000/uploads/8bf9f3338bec6be3e74acfe310244e71","submit":"6300","fan":"0","see":"670万","__v":0,"updatedAt":{"$date":"2020-03-31T16:22:09.138Z"}}
{"_id":{"$oid":"5e4abbb0dd44101074a985bb"},"categories":[{"$oid":"5e4a6b58b481ed37d0cefef8"}],"title":"【荣耀进行时】2019年巅峰之战比赛回顾，王者归来战至终章！","image":"http://localhost:3000/uploads/2396f12b557636459dad865fc39461dc","video":"http://localhost:3000/uploads/385a629ab1d972c4c0d6c655559ded48","submit":"6300","fan":"0","see":"126万","__v":0,"updatedAt":{"$date":"2020-03-31T16:22:24.762Z"}}
{"_id":{"$oid":"5e4abc1edd44101074a985bc"},"categories":[{"$oid":"5e4a6b58b481ed37d0cefef8"},{"$oid":"5e56328d3f033d25002f0dac"}],"title":" 【棋高一招】第九期：冠军RW女侠纳兰手手，教你新版本高爆发制霸棋盘！","image":"http://localhost:3000/uploads/139725ebb23a80072c21bf2d2c140d00","video":"<iframe class=\"ql-video\" frameborder=\"0\" allowfullscreen=\"true\" src=\"https://ams.qq.com/wmp/v/wmplayer.html?vid=j3050mfexmj&amp;width=640&amp;height=360\" height=\"100%\" width=\"100%\"></iframe><p class=\"ql-align-center\"><br></p>","submit":"6300","fan":"0","see":"167万","__v":0,"updatedAt":{"$date":"2020-03-31T16:22:34.786Z"}}
{"_id":{"$oid":"5e4abcc9dd44101074a985bd"},"categories":[{"$oid":"5e4a6b66b481ed37d0cefef9"}],"title":"王者荣耀世冠：远游之枪华丽收割，花满楼世冠马可波罗击杀集锦","image":"http://localhost:3000/uploads/d5f51aa23ff431153a9dc0b7a2e65a1a","video":"http://localhost:3000/uploads/da181d2aa6acbdd7283f1d85417a66bd","submit":"167","fan":"0","see":"124万","__v":0,"updatedAt":{"$date":"2020-03-31T16:22:51.426Z"}}
{"_id":{"$oid":"5e4abd0cdd44101074a985be"},"categories":[{"$oid":"5e4a6b66b481ed37d0cefef9"}],"title":"Djie一闪侧翼进场，梦奇小爪子疯狂乱舞！","image":"http://localhost:3000/uploads/eeb4bfc18d22359ad7ef18bf54a7df37","video":"http://localhost:3000/uploads/041af83df755580bbfc447b653336f68","submit":"1664","fan":"0","see":"2390万","__v":0,"updatedAt":{"$date":"2020-03-31T16:23:14.487Z"}}
{"_id":{"$oid":"5e4abdcedd44101074a985bf"},"categories":[{"$oid":"5e4a6b66b481ed37d0cefef9"}],"title":"花海云中君暴走时刻，这波三杀真的帅气！","image":"http://localhost:3000/uploads/345cf1825fc85d1305660e9523a3473d","video":"http://localhost:3000/uploads/1662c9eb3e9da681cefe37739a5044c3","submit":"167","fan":"0","see":"235万","__v":0,"updatedAt":{"$date":"2020-03-31T16:24:09.228Z"}}
{"_id":{"$oid":"5e4abeb8dd44101074a985c0"},"categories":[{"$oid":"5e4a6b66b481ed37d0cefef9"}],"title":"世冠雨雨关羽集锦：这就是实力！千万雄兵莫敢当，单刀匹马斩四方","image":"http://localhost:3000/uploads/6e4d054374d0f4c9045e883b25665f58","video":"http://localhost:3000/uploads/afc726aa34402d8d68791814dd180303","submit":"167","fan":"0","see":"230万","__v":0,"updatedAt":{"$date":"2020-03-31T16:24:35.355Z"}}
{"_id":{"$oid":"5e4ac116dd44101074a985c1"},"categories":[{"$oid":"5e4a6b4cb481ed37d0cefef7"}],"title":"猴子和兰陵王遇到神级马可，连续的反杀操作，打得两人没有脾气","image":"http://localhost:3000/uploads/9aa9846ec11d4c6c281ca1c3871a6318","video":"http://localhost:3000/uploads/28a400f81f18b307af45136e952e6383","submit":"28","fan":"0","see":"51万","__v":0,"updatedAt":{"$date":"2020-03-31T16:25:04.449Z"}}
{"_id":{"$oid":"5e4ac162dd44101074a985c2"},"categories":[{"$oid":"5e4a6b4cb481ed37d0cefef7"}],"title":"在这个模式玩钟馗，不想成辅助都难哦！","image":"http://localhost:3000/uploads/95021ef835c5a17d6a569cbaf0104697","video":"http://localhost:3000/uploads/f0a152f4d4f42acdfb1a0185c6e74400","submit":"0","fan":"0","see":"150万","__v":0,"updatedAt":{"$date":"2020-03-31T16:25:30.989Z"}}
{"_id":{"$oid":"5e4ac1f8dd44101074a985c3"},"categories":[{"$oid":"5e4a6b4cb481ed37d0cefef7"}],"title":"王者荣耀s16边路上分英雄首选是谁？职业玩家都玩的英雄橘子！","image":"http://localhost:3000/uploads/4e3e80fade216b4173f05ce3d5175d87","video":"http://localhost:3000/uploads/68d3ddc1be798bb98f3e41b54af2a62d","submit":"0","fan":"0","see":"160万","__v":0,"updatedAt":{"$date":"2020-03-31T16:25:51.603Z"}}
{"_id":{"$oid":"5e4ac25bdd44101074a985c4"},"categories":[{"$oid":"5e4a6b4cb481ed37d0cefef7"}],"title":"王者荣耀排位日常：功能型法师张良，更偏向于控制，多游走支援！","image":"http://localhost:3000/uploads/83b4c500a264627a6f365b4eb1cfd195","video":"http://localhost:3000/uploads/72fb788b499f263d2aacf341ce3df768","submit":"1664","fan":"0","see":"450万","__v":0,"updatedAt":{"$date":"2020-03-31T16:26:12.133Z"}}
{"_id":{"$oid":"5e50da878c98aa2b404d1af9"},"categories":[{"$oid":"5e4a6c5cb481ed37d0cefefb"}],"title":"【王者克制论】崭露锋芒，无线位移？李九教你完美克制新英雄镜","image":"http://localhost:3000/uploads/18ae73c368ab6dcbc640efb930a8bb3a","video":"http://localhost:3000/uploads/3edf7099a94183d21cd0502affc4c553","submit":"93","fan":"212","see":"14.5万","createdAt":{"$date":"2020-02-22T07:38:47.274Z"},"updatedAt":{"$date":"2020-04-04T17:14:02.135Z"},"__v":0}
{"_id":{"$oid":"5e50db2a8c98aa2b404d1afa"},"categories":[{"$oid":"5e4a6c5cb481ed37d0cefefb"}],"title":"【王者克制论】天外飞钩，钩钩致命？李九教你完美克制神钩钟馗","image":"http://localhost:3000/uploads/937506a65280a66abe64dd7084c930aa","video":"http://localhost:3000/uploads/63e05ff57fe8d032134bc859d411fb7d","submit":"93","fan":"212","see":"14.6万","createdAt":{"$date":"2020-02-22T07:41:30.783Z"},"updatedAt":{"$date":"2020-03-31T16:26:40.065Z"},"__v":0}
{"_id":{"$oid":"5e50db738c98aa2b404d1afb"},"categories":[{"$oid":"5e4a6c5cb481ed37d0cefefb"}],"title":"【王者克制论】边路战神一戟真伤？李九教你完美克制砍王吕布","image":"http://localhost:3000/uploads/556adb3f7a9406d63b94facc5937a516","video":"<iframe class=\"ql-video\" frameborder=\"0\" allowfullscreen=\"true\" src=\"https://ams.qq.com/wmp/v/wmplayer.html?vid=w30619wrvrg&amp;width=414&amp;height=230\" height=\"100%\" width=\"100%\"></iframe><p><br></p>","submit":"93","fan":"212","see":"15.3万","createdAt":{"$date":"2020-02-22T07:42:43.719Z"},"updatedAt":{"$date":"2020-02-22T07:42:43.719Z"},"__v":0}
{"_id":{"$oid":"5e50dbbc8c98aa2b404d1afc"},"categories":[{"$oid":"5e4a6c5cb481ed37d0cefefb"}],"title":"【王者克制论】老牌野王非扳即选？李九教你完美克制李白","image":"http://localhost:3000/uploads/e83999d067f5b0f5e33eb99fbdc9658e","video":"http://localhost:3000/uploads/c1a2d3298a60361999857bff465368a0","submit":"93","fan":"212","see":"12.8万","createdAt":{"$date":"2020-02-22T07:43:56.499Z"},"updatedAt":{"$date":"2020-03-31T16:26:51.685Z"},"__v":0}
{"_id":{"$oid":"5e50dc228c98aa2b404d1afd"},"categories":[{"$oid":"5e4a6c75b481ed37d0cefefc"}],"title":"【王者视角】第十五期：拯救CP计划，双排甜蜜不踩雷","image":"http://localhost:3000/uploads/878b322df6d0301bc93682513a87c6eb","video":"http://localhost:3000/uploads/03835646a85b93e7884f96c5ab8743e0","submit":"132","fan":"0","see":"12.4万","createdAt":{"$date":"2020-02-22T07:45:38.315Z"},"updatedAt":{"$date":"2020-03-31T16:27:13.153Z"},"__v":0}
{"_id":{"$oid":"5e50dc6c8c98aa2b404d1afe"},"categories":[{"$oid":"5e4a6c75b481ed37d0cefefc"}],"title":"【王者视角】第十四期： 把握最佳时机，细节开团胜率翻番","image":"http://localhost:3000/uploads/896e1b0636065450171ce3954cd0c40c","video":"http://localhost:3000/uploads/47ab5f0c7bb68d1b9860bc69a0892851","submit":"132","fan":"0","see":"1321万","createdAt":{"$date":"2020-02-22T07:46:52.574Z"},"updatedAt":{"$date":"2020-03-31T16:27:38.747Z"},"__v":0}
{"_id":{"$oid":"5e50dca68c98aa2b404d1aff"},"categories":[{"$oid":"5e4a6c75b481ed37d0cefefc"}],"title":"【王者视角】第十三期：高效练习法，英雄池拓宽计划","image":"http://localhost:3000/uploads/992b53247e7031a6086f14c795f29c8b","video":"http://localhost:3000/uploads/d3036ae09cde73bddba16b6c10ac1cce","submit":"132","fan":"0","see":"14.6万","createdAt":{"$date":"2020-02-22T07:47:50.771Z"},"updatedAt":{"$date":"2020-03-31T16:28:01.035Z"},"__v":0}
{"_id":{"$oid":"5e50dce88c98aa2b404d1b00"},"categories":[{"$oid":"5e4a6c75b481ed37d0cefefc"}],"title":"【王者视角】第十二期：我带你们打！春节来一把","image":"http://localhost:3000/uploads/046eff5a285074a469d1a052804f8624","video":"http://localhost:3000/uploads/b29fd5480cae9e072eaad3b028775134","submit":"132","fan":"0","see":"15.9万","createdAt":{"$date":"2020-02-22T07:48:56.209Z"},"updatedAt":{"$date":"2020-03-31T16:28:40.67Z"},"__v":0}
{"_id":{"$oid":"5e50dd1d8c98aa2b404d1b01"},"categories":[{"$oid":"5e4a6c88b481ed37d0cefefd"}],"title":"【峡谷情报局】第93期：发育路出场率盘点，小短腿的光辉时刻","image":"http://localhost:3000/uploads/81fd82700e997b6b36941b8870cdfe4e","video":"http://localhost:3000/uploads/d425415beaec8aa0ded77f73c0fb7bc5","submit":"189","fan":"0","see":"16.8万","createdAt":{"$date":"2020-02-22T07:49:49.638Z"},"updatedAt":{"$date":"2020-03-31T16:28:56.563Z"},"__v":0}
{"_id":{"$oid":"5e50dd598c98aa2b404d1b02"},"categories":[{"$oid":"5e4a6c88b481ed37d0cefefd"}],"title":"【峡谷情报局】第92期：对抗路出场率盘点，战神吕布名不虚传","image":"http://localhost:3000/uploads/ad4ee92480ee154f3bfd537a0c99fc86","video":"http://localhost:3000/uploads/daeb905d267ced07d715be193fcbcf3f","submit":"189","fan":"0","see":"16.9万","createdAt":{"$date":"2020-02-22T07:50:49.617Z"},"updatedAt":{"$date":"2020-03-31T16:29:10.967Z"},"__v":0}
{"_id":{"$oid":"5e50dd8f8c98aa2b404d1b03"},"categories":[{"$oid":"5e4a6c88b481ed37d0cefefd"}],"title":"【峡谷情报局】第91期：最高荣耀战力盘点，鲁班大师套路展示","image":"http://localhost:3000/uploads/5ebe4026a59b667cd5cfef974b2817f4","video":"http://localhost:3000/uploads/16224d71bec78999c0ef9cc1b29ceab7","submit":"189","fan":"0","see":"11.7万","createdAt":{"$date":"2020-02-22T07:51:43.271Z"},"updatedAt":{"$date":"2020-03-31T16:29:31.281Z"},"__v":0}
{"_id":{"$oid":"5e50ddcc8c98aa2b404d1b04"},"categories":[{"$oid":"5e4a6c88b481ed37d0cefefd"}],"title":"【峡谷情报局】第90期：核心输出的最佳守护，辅助的正确打开方","image":"http://localhost:3000/uploads/1a29bb2032e5bd90c2e51b7fd9fcdbe1","video":"http://localhost:3000/uploads/afb4a5eacbbfa8b6bf52bc7cce6d7988","submit":"189","fan":"0","see":"13.5万","createdAt":{"$date":"2020-02-22T07:52:44.662Z"},"updatedAt":{"$date":"2020-03-31T16:29:45.017Z"},"__v":0}
{"_id":{"$oid":"5e50de1d8c98aa2b404d1b05"},"categories":[{"$oid":"5e4a6c9db481ed37d0cefefe"}],"title":"【国服观影路】第十一期：春节开黑小套路，快乐上分不迷路","image":"http://localhost:3000/uploads/d915e44a8c0be3f1fc57d3545065df56","video":"http://localhost:3000/uploads/d9847e5a7fa6c7124e8fd8c9de94fc9f","submit":"189","fan":"0","see":"13.5万","createdAt":{"$date":"2020-02-22T07:54:05.115Z"},"updatedAt":{"$date":"2020-03-31T16:30:01.016Z"},"__v":0}
{"_id":{"$oid":"5e50deae8c98aa2b404d1b06"},"categories":[{"$oid":"5e4a6c9db481ed37d0cefefe"}],"title":"【国服观影路】第九期：孤影教你玩之黄金矿工的正确姿势","image":"http://localhost:3000/uploads/f2522e692d85eed733691fc8fb1e1ac0","video":"http://localhost:3000/uploads/c90dca609b465a3caf7c1c7de20ea5d2","submit":"189","fan":"0","see":"23.1万","createdAt":{"$date":"2020-02-22T07:56:30.962Z"},"updatedAt":{"$date":"2020-03-31T16:30:22.751Z"},"__v":0}
{"_id":{"$oid":"5e50df188c98aa2b404d1b07"},"categories":[{"$oid":"5e4a6c9db481ed37d0cefefe"}],"title":"【国服观影路】第七期：娜可露露要出新皮肤？孤影教你如何落地秒","image":"http://localhost:3000/uploads/559ad108c7a949860000af93841cac9a","video":"http://localhost:3000/uploads/e1919f416d8592d3b23488169729a743","submit":"189","fan":"0","see":"33.8万","createdAt":{"$date":"2020-02-22T07:58:16.004Z"},"updatedAt":{"$date":"2020-03-31T16:34:08.012Z"},"__v":0}
{"_id":{"$oid":"5e50df578c98aa2b404d1b08"},"categories":[{"$oid":"5e4a6c9db481ed37d0cefefe"}],"title":"【国服观影路】第六期：肉身开团站桩炮台，孤影国服后羿理解","image":"http://localhost:3000/uploads/91f84cbd63886c0bf4b97a1fd6b82f00","video":"http://localhost:3000/uploads/add3eebb92ae2b5ae89273863091e725","submit":"189","fan":"0","see":"45.8万","createdAt":{"$date":"2020-02-22T07:59:19.466Z"},"updatedAt":{"$date":"2020-03-31T16:32:57.643Z"},"__v":0}
{"_id":{"$oid":"5e50dfa28c98aa2b404d1b09"},"categories":[{"$oid":"5e4a6cc4b481ed37d0cefeff"}],"title":"【百星王者带你飞】第127期：峡谷贴脸刚枪王刘备，即刻开杠！","image":"http://localhost:3000/uploads/a06c6e49217344824bafe09de9a4a1d8","video":"http://localhost:3000/uploads/3b18c7c6645b2f603212ffc07e306f52","submit":"111","fan":"1","see":"12.8万","createdAt":{"$date":"2020-02-22T08:00:34.884Z"},"updatedAt":{"$date":"2020-03-31T16:32:46.077Z"},"__v":0}
{"_id":{"$oid":"5e50dfed8c98aa2b404d1b0a"},"categories":[{"$oid":"5e4a6cc4b481ed37d0cefeff"}],"title":"【百星王者带你飞】第125期：压制性射手伽罗，超远程极致快乐","image":"http://localhost:3000/uploads/581c9886cf8062bbf646c8452e18a665","video":"http://localhost:3000/uploads/167d363386f90e8a9660579872566442","submit":"111","fan":"1","see":"11.7万","createdAt":{"$date":"2020-02-22T08:01:49.2Z"},"updatedAt":{"$date":"2020-03-31T16:32:25.741Z"},"__v":0}
{"_id":{"$oid":"5e50e0378c98aa2b404d1b0b"},"categories":[{"$oid":"5e4a6cc4b481ed37d0cefeff"}],"title":"【百星王者带你飞】第124期：化解一切控制，庄周入梦成蝶","image":"http://localhost:3000/uploads/318e4c2863697b4b0b09acc519474667","video":"http://localhost:3000/uploads/bcb0988726e4ababde1025e6064c3ad7","submit":"111","fan":"1","see":"113万","createdAt":{"$date":"2020-02-22T08:03:03.674Z"},"updatedAt":{"$date":"2020-03-31T16:32:10.829Z"},"__v":0}
{"_id":{"$oid":"5e50e06d8c98aa2b404d1b0c"},"categories":[{"$oid":"5e4a6cc4b481ed37d0cefeff"}],"title":"【百星王者带你飞】122期：版本强势中单武则天","image":"http://localhost:3000/uploads/2066f288486a200660a1c1160cfb101a","video":"http://localhost:3000/uploads/566584b067fa99ff736740eb99a5a604","submit":"111","fan":"1","see":"111万","createdAt":{"$date":"2020-02-22T08:03:57.595Z"},"updatedAt":{"$date":"2020-03-31T16:31:49.679Z"},"__v":0}
{"_id":{"$oid":"5e50e0cc8c98aa2b404d1b0d"},"categories":[{"$oid":"5e4a6cdab481ed37d0ceff00"}],"title":"《教练视角》第33期：KPL212体系，三线优势碾压取胜","image":"http://localhost:3000/uploads/ea61056cafa5e7e7336bc5819e1b4ea6","video":"http://localhost:3000/uploads/edc13f74553c7d83a39decc9da43cd51","submit":"112","fan":"1","see":"1112万","createdAt":{"$date":"2020-02-22T08:05:32.555Z"},"updatedAt":{"$date":"2020-03-31T16:31:32.087Z"},"__v":0}
{"_id":{"$oid":"5e50e10d8c98aa2b404d1b0e"},"categories":[{"$oid":"5e4a6cdab481ed37d0ceff00"}],"title":"  《教练视角》第32期：削塔流李信，光速破塔火力压制","image":"http://localhost:3000/uploads/aedbcacf5d558616b04124483494912e","video":"http://localhost:3000/uploads/9053b0d5791ecbfc8358da92acd111cc","submit":"112","fan":"1","see":"221万","createdAt":{"$date":"2020-02-22T08:06:37.843Z"},"updatedAt":{"$date":"2020-03-31T16:31:09.52Z"},"__v":0}
{"_id":{"$oid":"5e50e1508c98aa2b404d1b0f"},"categories":[{"$oid":"5e4a6cdab481ed37d0ceff00"}],"title":"《教练视角》第31期：狂暴流后羿，伤害爆表有手就行","image":"http://localhost:3000/uploads/19ee631db37cdd917ebf31a434663dc3","video":"http://localhost:3000/uploads/eb84284b2755cde57991dacae77ec4e8","submit":"112","fan":"1","see":"3211万","createdAt":{"$date":"2020-02-22T08:07:44.656Z"},"updatedAt":{"$date":"2020-03-31T16:30:53.631Z"},"__v":0}
{"_id":{"$oid":"5e50e1838c98aa2b404d1b10"},"categories":[{"$oid":"5e4a6cdab481ed37d0ceff00"}],"title":"  《教练视角》第29期：爆伤流蒙犽，三排光速打穿一路","image":"http://localhost:3000/uploads/4d0702c22b457d7a8b182f4bcde2550a","video":"http://localhost:3000/uploads/4ba7b57c5999a2f7f75b28efd6cfc19f","submit":"112","fan":"1","see":"4211万","createdAt":{"$date":"2020-02-22T08:08:35.218Z"},"updatedAt":{"$date":"2020-03-31T16:30:37.945Z"},"__v":0}
{"_id":{"$oid":"5e50e6498c98aa2b404d1b15"},"categories":[{"$oid":"5e4a6d07b481ed37d0ceff02"}],"title":"  【王者炸麦了4】心怀荣耀 勇往直前 秋风落幕 AG归王","image":"http://localhost:3000/uploads/b118cf26a0633e26317f33a87e008172","video":"http://localhost:3000/uploads/0719f71f4e817d36064e6803497a9e98","submit":"6310","fan":"0","see":"2314万","createdAt":{"$date":"2020-02-22T08:28:57.385Z"},"updatedAt":{"$date":"2020-03-31T16:35:40.82Z"},"__v":0}
{"_id":{"$oid":"5e50e6a38c98aa2b404d1b16"},"categories":[{"$oid":"5e4a6d07b481ed37d0ceff02"}],"title":"【王者炸麦了4】王者荣耀四周年庆回顾 下篇","image":"http://localhost:3000/uploads/2b109b801ca92ca77f878d76c1d2e9db","video":"http://localhost:3000/uploads/35ffba58b4df0120b9cb12a84019ab21","submit":"6310","fan":"0","see":"543万","createdAt":{"$date":"2020-02-22T08:30:27.907Z"},"updatedAt":{"$date":"2020-03-31T16:36:19.446Z"},"__v":0}
{"_id":{"$oid":"5e50e6de8c98aa2b404d1b17"},"categories":[{"$oid":"5e4a6d07b481ed37d0ceff02"}],"title":"【王者炸麦了4】王者荣耀四周年庆回顾 上篇 投稿：6310  粉丝：0","image":"http://localhost:3000/uploads/003a3e0ca0e60681d702daaf103708d5","video":"http://localhost:3000/uploads/3a7874ae8bd8bf5647fb1fa15c771b94","submit":"6310","fan":"0","see":"452万","createdAt":{"$date":"2020-02-22T08:31:26.512Z"},"updatedAt":{"$date":"2020-03-31T16:36:40.397Z"},"__v":0}
{"_id":{"$oid":"5e50e7158c98aa2b404d1b18"},"categories":[{"$oid":"5e4a6d07b481ed37d0ceff02"}],"title":"【王者炸麦了4】KPL三周年历年决赛重现 上集 投稿：6310  粉丝：0","image":"http://localhost:3000/uploads/a35b3fc576addc80983ad8be3e307090","video":"http://localhost:3000/uploads/9716965a0c60eea4639502bd7af7adc0","submit":"6310","fan":"0","see":"452万","createdAt":{"$date":"2020-02-22T08:32:21.171Z"},"updatedAt":{"$date":"2020-03-31T16:37:34.796Z"},"__v":0}
{"_id":{"$oid":"5e50e8288c98aa2b404d1b19"},"categories":[{"$oid":"5e4a6d21b481ed37d0ceff03"}],"title":"【观赛指南7】第56期 AG超玩会 vs DYG.JC 运营队是否更占优势？","image":"http://localhost:3000/uploads/0f2e50a23d329923ac37dc67d865c1f0","video":"http://localhost:3000/uploads/efe81cfe5f322dbd027703fedf26025b","submit":"111","fan":"1","see":"353万","createdAt":{"$date":"2020-02-22T08:36:56.225Z"},"updatedAt":{"$date":"2020-03-31T16:36:01.299Z"},"__v":0}
{"_id":{"$oid":"5e50e89b8c98aa2b404d1b1a"},"categories":[{"$oid":"5e4a6d21b481ed37d0ceff03"}],"title":"【观赛指南7】第55期 QGhappy vs DYG.JC 不是冤家不聚首！","image":"http://localhost:3000/uploads/6c7c8ce9a2bbde98c8ac878c67008f7c","video":"http://localhost:3000/uploads/37eaf2bf53cec8762ab15dfb5b217d3f","submit":"111","fan":"1","see":"2131万","createdAt":{"$date":"2020-02-22T08:38:51.72Z"},"updatedAt":{"$date":"2020-03-31T16:38:27.187Z"},"__v":0}
{"_id":{"$oid":"5e50e8d68c98aa2b404d1b1b"},"categories":[{"$oid":"5e4a6d21b481ed37d0ceff03"}],"title":"【观赛指南7】第54期 eStarPro vs AG超玩会 相见恨早","image":"http://localhost:3000/uploads/1f3bf10d2df863555e834f761e437229","video":"http://localhost:3000/uploads/e04feea6877d32edf0e01aa209b4133f","submit":"111","fan":"1","see":"564万","createdAt":{"$date":"2020-02-22T08:39:50.833Z"},"updatedAt":{"$date":"2020-03-31T16:39:55.493Z"},"__v":0}
{"_id":{"$oid":"5e50e91d8c98aa2b404d1b1c"},"categories":[{"$oid":"5e4a6d21b481ed37d0ceff03"}],"title":"【观赛指南7】第53期 TS vs AG超玩会 银河战舰能否挺住？","image":"http://localhost:3000/uploads/ed38621192a7443b9909be604f6e80aa","video":"http://localhost:3000/uploads/dc3cdc41c1e4757e4e5de6724de8671a","submit":"111","fan":"1","see":"2134万","createdAt":{"$date":"2020-02-22T08:41:01.217Z"},"updatedAt":{"$date":"2020-03-31T16:40:12.876Z"},"__v":0}
{"_id":{"$oid":"5e50e96a8c98aa2b404d1b1d"},"categories":[{"$oid":"5e4a6d37b481ed37d0ceff04"}],"title":"【荣耀进行时】2019年战队补强深度分析，为梦而战该我上场！","image":"http://localhost:3000/uploads/1ec95f429c394d9e5064854e458ee337","video":"http://localhost:3000/uploads/b536df114d25e9987617655245474fd3","submit":"111","fan":"1","see":"324万","createdAt":{"$date":"2020-02-22T08:42:18.947Z"},"updatedAt":{"$date":"2020-03-31T16:40:41.193Z"},"__v":0}
{"_id":{"$oid":"5e50ea178c98aa2b404d1b1e"},"categories":[{"$oid":"5e4a6d37b481ed37d0ceff04"}],"title":"  【荣耀进行时】2019年最令人印象深刻的四大选手，因为热爱所以坚持！","image":"http://localhost:3000/uploads/d0aab385ba08f7ac5657436784a4bff3","video":"http://localhost:3000/uploads/5b87df7639294dfebbb5fa2bfc653311","submit":"111","fan":"1","see":"4531万","createdAt":{"$date":"2020-02-22T08:45:11.492Z"},"updatedAt":{"$date":"2020-03-31T16:40:28.707Z"},"__v":0}
{"_id":{"$oid":"5e50ea5c8c98aa2b404d1b1f"},"categories":[{"$oid":"5e4a6d37b481ed37d0ceff04"}],"title":"【荣耀进行时】2019年巅峰之战比赛回顾，王者归来战至终章！","image":"http://localhost:3000/uploads/0b6149780ffe71bf59e93cc872b27bdd","video":"http://localhost:3000/uploads/b2c3394bde3b4129b14dcea5088a1885","submit":"111","fan":"1","see":"644万","createdAt":{"$date":"2020-02-22T08:46:20.587Z"},"updatedAt":{"$date":"2020-03-31T16:41:01.21Z"},"__v":0}
{"_id":{"$oid":"5e50eada8c98aa2b404d1b20"},"categories":[{"$oid":"5e4a6d37b481ed37d0ceff04"}],"title":"  【荣耀进行时】初代法王从亚运冠军到顶级中路，老帅沉默到爆发","image":"http://localhost:3000/uploads/312601cfa87d7a795786fcacb7e14289","video":"http://localhost:3000/uploads/0367881a34613a38b4ba9aa95f662ab4","submit":"111","fan":"1","see":"3214万","createdAt":{"$date":"2020-02-22T08:48:26.284Z"},"updatedAt":{"$date":"2020-03-31T16:41:23.182Z"},"__v":0}
{"_id":{"$oid":"5e563ce21482a00eacbb82ff"},"categories":[{"$oid":"5e4a6dd6b481ed37d0ceff0a"}],"title":"王者荣耀梦演：王者诸葛亮这样用大招？利用二技能位移防止被挡！","image":"http://localhost:3000/uploads/f19dd97d8c7cce75a33b681c3c1aa15b","video":"http://localhost:3000/uploads/e19f81dedb5bb189e0c8e10d54731534","submit":"0","fan":"0","see":"231万","createdAt":{"$date":"2020-02-26T09:39:46.348Z"},"updatedAt":{"$date":"2020-03-31T16:42:34.918Z"},"__v":0}
{"_id":{"$oid":"5e563d871482a00eacbb8300"},"categories":[{"$oid":"5e4a6d9bb481ed37d0ceff07"}],"title":"小棉花Top5：中单法王北笙参见！这操作让全场高喊666！","image":"http://localhost:3000/uploads/aec93a24ad1e031c6af45286b2c98c9a","video":"http://localhost:3000/uploads/260ddca1ebabac92c6c757459202abdf","submit":"728","fan":"0","see":"215万","createdAt":{"$date":"2020-02-26T09:42:31.878Z"},"updatedAt":{"$date":"2020-03-31T16:44:22.357Z"},"__v":0}
{"_id":{"$oid":"5e5640251482a00eacbb8301"},"categories":[{"$oid":"5e4a6d9bb481ed37d0ceff07"}],"title":"小棉花Top5：据说只有1%的刘备才会这么秀！蛇皮走位秀哭对手！","image":"http://localhost:3000/uploads/3c728c8989ac6ea1380c35d10598471b","video":"http://localhost:3000/uploads/bea2dadb0d54afbc39fea4efdca3c732","submit":"728","fan":"0","see":"564.4万","createdAt":{"$date":"2020-02-26T09:53:41.246Z"},"updatedAt":{"$date":"2020-03-31T16:44:30.126Z"},"__v":0}
{"_id":{"$oid":"5e56406d1482a00eacbb8302"},"categories":[{"$oid":"5e4a6d9bb481ed37d0ceff07"}],"title":"小棉花Top5:满屏都是1433223 ！元歌都觉得很赞并点了转发！","image":"http://localhost:3000/uploads/bcee324ddbc98efe9712548084e0d4c2","video":"http://localhost:3000/uploads/738811b7eec40acce39079d307a08c46","submit":"728","fan":"0","see":"325万","createdAt":{"$date":"2020-02-26T09:54:53.95Z"},"updatedAt":{"$date":"2020-03-31T16:44:36.681Z"},"__v":0}
{"_id":{"$oid":"5e5640a21482a00eacbb8303"},"categories":[{"$oid":"5e4a6d9bb481ed37d0ceff07"}],"title":" 小棉花Top5：我是最强赵云童子！我觉得我这波天秀！ 投稿：728  粉丝：0","image":"http://localhost:3000/uploads/032f5e51cc6f7a9a1e1e31fedd0370ce","video":"<iframe class=\"ql-video\" frameborder=\"0\" allowfullscreen=\"true\" src=\"https://ams.qq.com/wmp/v/wmplayer.html?vid=s071036t5nq&amp;width=548&amp;height=315\" height=\"100%\" width=\"100%\"></iframe><p><br></p>","submit":"728","fan":"0","see":"784万","createdAt":{"$date":"2020-02-26T09:55:46.557Z"},"updatedAt":{"$date":"2020-02-26T09:55:46.557Z"},"__v":0}
{"_id":{"$oid":"5e5640ee1482a00eacbb8304"},"categories":[{"$oid":"5e4a6dafb481ed37d0ceff08"}],"title":"小棉花Top5：雅典娜超光速连招细节拉满！在线秀出KPL操作","image":"http://localhost:3000/uploads/27c07b2f27c8d0cba9ccbf2a952182ec","video":"http://localhost:3000/uploads/88fda485ff06ba1bc2dca9770ccf04b4","submit":"728","fan":"0","see":"2156万","createdAt":{"$date":"2020-02-26T09:57:02.253Z"},"updatedAt":{"$date":"2020-03-31T16:44:51.764Z"},"__v":0}
{"_id":{"$oid":"5e56413a1482a00eacbb8305"},"categories":[{"$oid":"5e4a6dafb481ed37d0ceff08"}],"title":"【王者之歌】：《不惧！浪》同人舞蹈集 投稿：158  粉丝：0","image":"http://localhost:3000/uploads/a0c4bf6be9e9d00f429ce698f510d782","video":"http://localhost:3000/uploads/527fadcb865cc41caab17c2bd3be80ae","submit":"158","fan":"0","see":"649万","createdAt":{"$date":"2020-02-26T09:58:18.831Z"},"updatedAt":{"$date":"2020-03-31T16:44:00.371Z"},"__v":0}
{"_id":{"$oid":"5e56417a1482a00eacbb8306"},"categories":[{"$oid":"5e4a6dafb481ed37d0ceff08"}],"title":"大仙不闹，露娜被迫减肥，野区全空大招只为逃跑！ 投稿：324  粉丝：0","image":"http://localhost:3000/uploads/21865da85a470ac91896376b9c64e749","video":"http://localhost:3000/uploads/ce227b759bd17109d8100ccc2fae0d32","submit":"324","fan":"0","see":"905.3万","createdAt":{"$date":"2020-02-26T09:59:22.601Z"},"updatedAt":{"$date":"2020-03-31T16:43:25.921Z"},"__v":0}
{"_id":{"$oid":"5e5641b91482a00eacbb8307"},"categories":[{"$oid":"5e4a6dafb481ed37d0ceff08"}],"title":"仙声，当两个马超开始PK，上帝都停止了思考 投稿：324  粉丝：0","image":"http://localhost:3000/uploads/282538a424b9cdc06cda4aa356cde89c","video":"http://localhost:3000/uploads/2f5e359b61a32b78e354e4ea0e7b1b35","submit":"324","fan":"0","see":"216.8万","createdAt":{"$date":"2020-02-26T10:00:25.625Z"},"updatedAt":{"$date":"2020-03-31T16:45:13.426Z"},"__v":0}
{"_id":{"$oid":"5e5642081482a00eacbb8308"},"categories":[{"$oid":"5e4a6dc0b481ed37d0ceff09"}],"title":"【地图全解析】地图把控 ","image":"http://localhost:3000/uploads/467b28d77eac4dfdb954b0a1e9cd0231","video":"http://localhost:3000/uploads/9dfd46694d7d449643cc69ca5e0fdb4f","submit":"827","fan":"0","see":"274.5万","createdAt":{"$date":"2020-02-26T10:01:44.209Z"},"updatedAt":{"$date":"2020-03-31T16:45:29.576Z"},"__v":0}
{"_id":{"$oid":"5e5642521482a00eacbb8309"},"categories":[{"$oid":"5e4a6dc0b481ed37d0ceff09"}],"title":"【地图全解析】收益机制","image":"http://localhost:3000/uploads/410fe3bd59bfb41e72d26401257ddb8d","video":"http://localhost:3000/uploads/c4581511b79710000abe3c66be98aefb","submit":"827","fan":"4335","see":"1874.8万","createdAt":{"$date":"2020-02-26T10:02:58.222Z"},"updatedAt":{"$date":"2020-03-31T16:45:54.942Z"},"__v":0}
{"_id":{"$oid":"5e56428e1482a00eacbb830a"},"categories":[{"$oid":"5e4a6dc0b481ed37d0ceff09"}],"title":"【地图全解析】水晶防御塔机制","image":"http://localhost:3000/uploads/5b7d542b2e5eb31bfe82cb6890f5d9e5","video":"http://localhost:3000/uploads/f1e87a5c657051aae87aadd48f2438ec","submit":"827","fan":"4335","see":"1167.3万","createdAt":{"$date":"2020-02-26T10:03:58.063Z"},"updatedAt":{"$date":"2020-03-31T16:46:07.305Z"},"__v":0}
{"_id":{"$oid":"5e5642c91482a00eacbb830b"},"categories":[{"$oid":"5e4a6dc0b481ed37d0ceff09"}],"title":"【地图全解析】野怪全解析","image":"http://localhost:3000/uploads/69e2b823229973d6097ecb844b0a27a4","video":"http://localhost:3000/uploads/6d829310359317c8ff30d5c818d2ee2f","submit":"827","fan":"4335","see":"1564.3万","createdAt":{"$date":"2020-02-26T10:04:57.759Z"},"updatedAt":{"$date":"2020-03-31T16:46:38.321Z"},"__v":0}
{"_id":{"$oid":"5e5643091482a00eacbb830c"},"categories":[{"$oid":"5e4a6dd6b481ed37d0ceff0a"}],"title":"新模式觉醒全网首个五杀！诸葛亮升级三枚元气弹！无限大招收割！","image":"http://localhost:3000/uploads/e12d0e4a9f0c74391f0b8202f76a1094","video":"http://localhost:3000/uploads/5f2f0c1198d863b87e4b044c3aa6d344","submit":"74","fan":"0","see":"234.9万","createdAt":{"$date":"2020-02-26T10:06:01.474Z"},"updatedAt":{"$date":"2020-03-31T16:46:23.91Z"},"__v":0}
{"_id":{"$oid":"5e5643551482a00eacbb830d"},"categories":[{"$oid":"5e4a6dd6b481ed37d0ceff0a"}],"title":"王者荣耀:张大仙如何用诸葛亮带动全场，太秀了","image":"http://localhost:3000/uploads/472d2b1f40c57a945670437b1de8e193","video":"http://localhost:3000/uploads/7ca01451dbf233854e12325d910c41cb","submit":"0","fan":"0","see":"459.7万","createdAt":{"$date":"2020-02-26T10:07:17.814Z"},"updatedAt":{"$date":"2020-03-31T16:48:48.204Z"},"__v":0}
{"_id":{"$oid":"5e5643c11482a00eacbb830e"},"categories":[{"$oid":"5e4a6dd6b481ed37d0ceff0a"}],"title":"荣耀喷塔Q：绝世嬴政，AD流清空战场！","image":"http://localhost:3000/uploads/c3d732156fcb2e3342b78a674a501e66","video":"http://localhost:3000/uploads/3de31e5f406180f9646d751366396107","submit":"3","fan":"0","see":"874.1万","createdAt":{"$date":"2020-02-26T10:09:05.98Z"},"updatedAt":{"$date":"2020-03-31T16:47:24.723Z"},"__v":0}
{"_id":{"$oid":"5e5cc8843ed98a113ce61d2b"},"categories":[{"$oid":"5e5cc77d3ed98a113ce61d2a"}],"title":"【我来CARRY】第三季 第8期 横刀立马 路西法关羽华容道截击QGhappy","image":"http://localhost:3000/uploads/6198e9f9d8901ac9b53901c52d3fdefe","video":"http://localhost:3000/uploads/e1e5511d0843563f261c1e7ce3abd554","submit":"8140","fan":"2066","see":"1121万","createdAt":{"$date":"2020-03-02T08:49:08.265Z"},"updatedAt":{"$date":"2020-03-31T16:47:44.277Z"},"__v":0}
{"_id":{"$oid":"5e5cc8e83ed98a113ce61d2c"},"categories":[{"$oid":"5e5cc77d3ed98a113ce61d2a"}],"title":"我来CARRY】第三季 第7期 三路推进 迷神花木兰极限逃生","image":"http://localhost:3000/uploads/38203307f249fb9ee852c64cb5f47efa","video":"http://localhost:3000/uploads/98ef662ae573545194b79f5a5dca8548","submit":"8140","fan":"2066","see":"321.3万","createdAt":{"$date":"2020-03-02T08:50:48.579Z"},"updatedAt":{"$date":"2020-03-31T16:48:00.339Z"},"__v":0}
{"_id":{"$oid":"5e5cc9603ed98a113ce61d2d"},"categories":[{"$oid":"5e5cc77d3ed98a113ce61d2a"}],"title":"【我来CARRY】第三季 第6期 双黑马巅峰对决 小兽李元芳无间刃风极限双杀","image":"http://localhost:3000/uploads/777f0eed92c4e6424367c1c28f5c29a9","video":"http://localhost:3000/uploads/cb363fd6a863b152444bfd3173753275","submit":"8140","fan":"2066","see":"342.6万","createdAt":{"$date":"2020-03-02T08:52:48.656Z"},"updatedAt":{"$date":"2020-03-31T16:48:22.532Z"},"__v":0}
{"_id":{"$oid":"5e5cc9be3ed98a113ce61d2e"},"categories":[{"$oid":"5e5cc77d3ed98a113ce61d2a"}],"title":"【我来CARRY】第三季 第5期 eStarPro.酷酷虎踞山林打出五连绝世","image":"http://localhost:3000/uploads/6ea888133e54b9c5e49c02e93b8e4c62","video":"http://localhost:3000/uploads/6a9903a80a7519d116ec4715d1c2dc19","submit":"8140","fan":"2066","see":"325.2万","createdAt":{"$date":"2020-03-02T08:54:22.221Z"},"updatedAt":{"$date":"2020-03-31T16:48:37.887Z"},"__v":0}
